,City,Country,Lat,Lng,Max Temp,Humidity,Cloudiness,Wind Speed,Current Description
0,Ushuaia,AR,-54.8,-68.3,28.06,100,75,24.16,light snow
1,Selu,IN,19.4667,76.4667,95.13,34,100,14.79,moderate rain
2,Longyearbyen,SJ,78.2186,15.6401,30.04,64,40,5.75,scattered clouds
3,Port Alfred,ZA,-33.5906,26.891,71.01,48,64,20.85,broken clouds
4,Hermanus,ZA,-34.4187,19.2345,68.81,77,16,22.1,few clouds
5,Ville-Marie,CA,47.3335,-79.433,35.6,38,80,4.5,broken clouds
6,Upernavik,GL,72.7868,-56.1549,35.73,87,74,3.71,broken clouds
7,Cristalina,BR,-16.7686,-47.6136,73.62,52,52,5.99,broken clouds
8,Pangnirtung,CA,66.1451,-65.7125,32.0,80,90,9.22,overcast clouds
9,Peterhead,GB,57.5058,-1.7981,56.12,86,5,8.66,clear sky
10,Ribe,DK,55.3305,8.7697,57.51,78,97,13.8,overcast clouds
11,Jamestown,US,42.097,-79.2353,48.0,81,90,8.05,light rain
12,Luderitz,NA,-26.6481,15.1594,69.42,49,10,15.17,clear sky
13,Victoria,HK,22.2855,114.1577,89.33,85,63,5.99,broken clouds
14,Clyde River,CA,70.4692,-68.5914,30.43,74,1,4.61,clear sky
15,Saint-Philippe,RE,-21.3585,55.7679,78.39,76,40,5.01,scattered clouds
16,Oktyabrskoye,RU,43.0645,44.7417,78.94,39,40,6.89,scattered clouds
17,Dikson,RU,73.5069,80.5464,30.79,84,71,4.99,broken clouds
18,Huarmey,PE,-10.0681,-78.1522,65.89,94,45,6.26,scattered clouds
19,Nouakchott,MR,18.0858,-15.9785,78.73,58,41,14.05,scattered clouds
20,Cape Town,ZA,-33.9258,18.4232,65.12,86,75,5.01,light rain
21,Yarada,IN,17.65,83.2667,93.2,59,20,6.91,haze
22,Bredasdorp,ZA,-34.5322,20.0403,70.92,49,1,18.99,clear sky
23,Saint Anthony,US,45.0205,-93.218,40.75,87,1,1.01,clear sky
24,Najran,SA,17.4924,44.1277,101.05,9,55,18.12,broken clouds
25,Matagami,CA,49.7502,-77.6328,35.71,64,1,7.76,clear sky
26,Ahlat,TR,38.7518,42.4814,74.01,27,10,19.08,clear sky
27,Artyom,AZ,40.4723,50.333,75.34,66,35,18.39,scattered clouds
28,Los Llanos De Aridane,ES,28.6585,-17.9182,73.4,56,20,8.05,few clouds
29,Grand Gaube,MU,-20.0064,57.6608,81.37,67,23,1.99,light rain
30,Busselton,AU,-33.65,115.3333,63.05,87,97,16.28,light rain
31,Vardo,NO,70.3705,31.1107,41.2,81,75,13.8,light rain
32,Lebu,CL,-37.6167,-73.65,53.6,86,100,9.8,overcast clouds
33,Castro,BR,-24.7911,-50.0119,65.16,75,99,6.11,overcast clouds
34,Bathsheba,BB,13.2167,-59.5167,84.81,51,20,15.73,few clouds
35,Mar Del Plata,AR,-38.0023,-57.5575,61.09,68,0,11.01,clear sky
36,Punta Arenas,CL,-53.15,-70.9167,35.62,86,0,17.6,clear sky
37,Mahebourg,MU,-20.4081,57.7,81.25,73,20,4.61,few clouds
38,Havre-Saint-Pierre,CA,50.2334,-63.5986,41.36,52,40,24.16,scattered clouds
39,Georgetown,MY,5.4112,100.3354,86.0,84,20,6.91,few clouds
40,Bambous Virieux,MU,-20.3428,57.7575,81.0,73,20,4.61,light rain
41,Nalgonda,IN,17.05,79.2667,98.4,30,72,10.74,broken clouds
42,Nuuk,GL,64.1835,-51.7216,34.41,93,75,10.36,broken clouds
43,Dingle,PH,10.9995,122.6711,80.42,84,73,1.95,moderate rain
44,Paamiut,GL,61.994,-49.6678,43.32,63,82,3.98,broken clouds
45,Husavik,IS,66.0449,-17.3389,60.71,52,8,12.35,clear sky
46,East London,ZA,-33.0153,27.9116,72.54,49,0,13.8,clear sky
47,Qaanaaq,GL,77.484,-69.3632,40.1,84,94,6.76,overcast clouds
48,Calatayud,ES,41.3535,-1.6432,81.64,35,100,10.69,overcast clouds
49,Ballina,AU,-28.8667,153.5667,57.16,66,17,11.5,few clouds
50,Chuy,UY,-33.6971,-53.4616,60.75,70,29,8.99,scattered clouds
51,Sorland,NO,67.667,12.6934,46.47,77,16,8.14,few clouds
52,Arraial Do Cabo,BR,-22.9661,-42.0278,76.96,69,20,14.97,few clouds
53,Belmonte,BR,-15.8631,-38.8828,79.3,64,6,4.63,clear sky
54,Inhambane,MZ,-23.865,35.3833,80.58,44,20,13.8,few clouds
55,Kalangala,UG,-0.3089,32.225,75.04,61,57,9.17,broken clouds
56,Seydi,TM,39.4816,62.9137,102.45,10,74,17.81,broken clouds
57,Cidreira,BR,-30.1811,-50.2056,66.25,75,100,8.48,overcast clouds
58,Dosso,NE,13.049,3.1937,106.25,13,97,8.21,overcast clouds
59,Yar-Sale,RU,66.8333,70.8333,45.54,35,43,7.16,scattered clouds
60,Bonthe,SL,7.5264,-12.505,84.9,69,100,9.08,light rain
61,Korla,CN,41.7597,86.1469,89.94,10,2,10.54,clear sky
62,Tasiilaq,GL,65.6145,-37.6368,44.76,78,100,27.76,light rain
63,Matiguas,NI,12.8373,-85.4622,79.54,84,99,4.94,overcast clouds
64,Ponta Delgada,PT,37.7333,-25.6667,66.92,59,40,8.05,scattered clouds
65,Carutapera,BR,-1.195,-46.02,82.08,80,5,3.36,clear sky
66,Namibe,AO,-15.1961,12.1522,84.83,54,0,16.11,clear sky
67,Cayenne,GF,4.9333,-52.3333,80.1,87,90,1.01,overcast clouds
68,Cabedelo,BR,-6.9811,-34.8339,81.27,77,80,14.61,broken clouds
69,Sao Filipe,CV,14.8961,-24.4956,73.92,76,1,15.37,clear sky
70,Codrington,AU,-38.2667,141.9667,46.49,74,4,4.47,clear sky
71,Dennery,LC,13.8996,-60.8879,82.4,69,40,12.66,scattered clouds
72,Ilebo,CD,-4.3167,20.5833,94.32,28,98,2.71,overcast clouds
73,Moose Factory,CA,51.2585,-80.6094,35.6,69,1,8.05,clear sky
74,Keetmanshoop,NA,-26.5833,18.1333,73.4,17,0,8.05,clear sky
75,Kangaatsiaq,GL,68.3065,-53.4641,33.96,92,91,4.85,overcast clouds
76,Feijo,BR,-8.1642,-70.3536,77.74,74,48,1.3,scattered clouds
77,Sabha,LY,27.0377,14.4283,104.63,7,41,8.21,scattered clouds
78,Comodoro Rivadavia,AR,-45.8667,-67.5,35.6,51,20,12.66,few clouds
79,The Valley,AI,18.217,-63.0578,83.1,78,75,9.22,broken clouds
80,Antofagasta,CL,-23.65,-70.4,58.28,79,59,2.55,broken clouds
81,Bubaque,GW,11.2833,-15.8333,77.86,74,17,3.51,few clouds
82,Thinadhoo,MV,0.5333,72.9333,84.9,72,26,19.04,scattered clouds
83,Kashi,CN,39.4547,75.9797,88.81,11,20,14.85,few clouds
84,Caravelas,BR,-17.7125,-39.2481,81.9,61,17,4.45,few clouds
85,Constitucion,CL,-35.3333,-72.4167,52.97,80,41,3.62,scattered clouds
86,Boa Vista,BR,2.8197,-60.6733,76.98,88,75,4.61,broken clouds
87,Luanda,AO,-8.8368,13.2343,82.4,69,0,8.05,clear sky
88,Coquimbo,CL,-29.9533,-71.3436,55.13,100,75,5.41,broken clouds
89,Ayna,PE,-12.65,-73.9167,59.5,53,28,2.17,scattered clouds
90,Sao Joao Da Barra,BR,-21.6403,-41.0511,75.29,79,2,8.77,clear sky
91,Ribeira Grande,PT,38.5167,-28.7,64.8,68,20,10.36,few clouds
92,Kruisfontein,ZA,-34.0033,24.7314,72.88,47,0,21.97,clear sky
93,Jalu,LY,29.0331,21.5482,100.87,11,0,5.19,clear sky
94,Hithadhoo,MV,-0.6,73.0833,82.81,76,100,17.72,overcast clouds
95,Imeni Zhelyabova,RU,58.9544,36.5956,68.0,42,27,11.27,scattered clouds
96,Dawlatabad,AF,36.4141,64.9053,99.77,9,1,9.22,clear sky
97,Viedma,AR,-40.8135,-62.9967,54.5,59,100,19.24,light rain
98,Itacoatiara,BR,-3.1431,-58.4442,81.07,86,62,2.68,broken clouds
99,Cockburn Town,TC,21.4612,-71.1419,78.42,76,93,11.95,overcast clouds
100,Bukama,CD,-9.2,25.85,91.24,19,7,2.64,clear sky
101,Erzurum,TR,40.0,41.5,78.8,12,75,16.11,broken clouds
102,Puerto Del Rosario,ES,28.5004,-13.8627,73.08,64,75,14.97,broken clouds
103,Klaksvik,FO,62.2266,-6.589,49.12,80,100,16.4,overcast clouds
104,Chimbote,PE,-9.0853,-78.5783,66.49,92,100,6.24,overcast clouds
105,Porto Uniao,BR,-26.2381,-51.0783,65.25,76,100,1.52,overcast clouds
106,Narsaq,GL,60.9167,-46.05,55.62,52,9,1.14,clear sky
107,Tatawin,TN,32.9297,10.4518,93.2,27,0,9.22,clear sky
108,Sur,OM,22.5667,59.5289,93.67,43,0,6.71,clear sky
109,Melykut,HU,46.2151,19.381,65.39,53,99,13.06,overcast clouds
110,Marquette,US,46.5333,-87.6335,45.0,78,100,1.01,overcast clouds
111,Saint George,US,37.1041,-113.5841,66.54,17,1,4.61,clear sky
112,Ponta Do Sol,PT,32.6667,-17.1,71.71,74,24,0.96,few clouds
113,Sagar,IN,23.8333,78.7167,99.19,17,100,15.64,overcast clouds
114,Lieksa,FI,63.3167,30.0167,48.6,73,91,7.49,moderate rain
115,Hamilton,US,39.1834,-84.5333,68.23,93,75,3.8,broken clouds
116,Omagh,GB,54.6,-7.3,55.4,94,90,10.36,overcast clouds
117,Abonnema,NG,4.7084,6.7931,87.8,70,75,3.44,light rain
118,Dangriga,BZ,16.9692,-88.2321,82.0,94,40,3.44,scattered clouds
119,Rincon,US,32.296,-81.2354,78.85,52,11,7.38,few clouds
120,Arraias,BR,-12.9288,-46.9437,83.12,39,8,5.48,clear sky
121,Rio Grande,BR,-32.035,-52.0986,55.94,68,100,6.44,light rain
122,Axim,GH,4.8699,-2.2405,85.05,67,100,7.81,overcast clouds
123,Vestmannaeyjar,IS,63.4427,-20.2734,49.19,87,90,44.87,overcast clouds
124,Lerwick,GB,60.1545,-1.1494,51.8,75,82,8.21,broken clouds
125,Olyka,UA,50.7186,25.8125,68.34,70,100,11.81,overcast clouds
126,Zabol,AF,32.25,67.25,84.63,9,5,23.17,clear sky
127,Puri,IN,19.8,85.85,88.32,86,18,12.08,few clouds
128,Cap Malheureux,MU,-19.9842,57.6142,81.0,67,37,1.99,scattered clouds
129,Sovetskoye,RU,52.2861,85.4131,56.84,68,73,5.91,broken clouds
130,Souillac,MU,-20.5167,57.5167,81.36,73,20,7.25,few clouds
131,Iqaluit,CA,63.7506,-68.5145,28.13,74,75,19.57,broken clouds
132,Marivan,IR,35.5219,46.176,87.89,12,4,15.05,clear sky
133,Villazon,BO,-22.0866,-65.5942,46.33,42,0,6.64,clear sky
134,Faya,SA,18.3851,42.4509,86.0,37,0,13.8,clear sky
135,Segou,ML,13.4317,-6.2157,104.32,18,73,4.76,broken clouds
136,Darlowo,PL,54.421,16.4107,58.95,71,17,11.61,few clouds
137,Tessalit,ML,20.1986,1.0114,108.25,3,73,16.89,broken clouds
138,Parrita,CR,9.5201,-84.3225,82.17,81,68,3.78,broken clouds
139,Ios,GR,36.7333,25.2833,76.91,49,48,8.01,scattered clouds
140,Massaranduba,BR,-7.2003,-35.7892,76.59,83,75,10.8,broken clouds
141,Tekeli,KZ,44.83,78.8239,69.15,66,97,3.04,overcast clouds
142,Shkoder,AL,42.0683,19.5126,77.18,52,1,8.12,clear sky
143,Saldanha,ZA,-33.0117,17.9442,59.05,86,51,9.33,broken clouds
144,Ilulissat,GL,69.2167,-51.1,51.82,32,40,11.5,scattered clouds
145,Usinsk,RU,65.9939,57.5281,46.17,65,100,15.95,overcast clouds
146,Gamba,GA,-2.65,10.0,82.09,73,100,10.47,overcast clouds
147,Culfa,AZ,38.9558,45.6308,87.8,18,90,16.11,overcast clouds
148,Parfenyevo,RU,58.484,43.4088,71.26,47,100,8.3,overcast clouds
149,Beja,TN,36.7256,9.1817,86.0,37,75,11.5,broken clouds
150,Chitipa,MW,-9.7024,33.2697,73.62,47,5,7.4,clear sky
151,Waddan,LY,29.1614,16.139,104.13,8,12,6.78,few clouds
152,Quatre Cocos,MU,-20.2078,57.7625,81.09,81,48,8.77,scattered clouds
153,Norden,DE,53.6,7.2,62.94,80,12,13.04,few clouds
154,Sao Felix Do Xingu,BR,-6.6447,-51.995,82.36,54,11,1.9,few clouds
155,Sao Sebastiao,BR,-23.76,-45.4097,78.22,56,50,3.83,scattered clouds
156,San Andres,CO,12.5847,-81.7006,78.82,89,40,10.36,scattered clouds
157,Calvinia,ZA,-31.4707,19.776,55.71,69,93,14.14,overcast clouds
158,Iaciara,BR,-14.0958,-46.6317,85.86,35,4,3.65,clear sky
159,Pisco,PE,-13.7,-76.2167,65.01,88,90,4.61,overcast clouds
160,Nanortalik,GL,60.1432,-45.2371,40.06,77,18,6.06,few clouds
161,Hofn,IS,64.2539,-15.2082,48.22,87,90,18.41,overcast clouds
162,Tabou,CI,4.423,-7.3528,84.97,70,92,8.66,overcast clouds
163,Praia,CV,14.9215,-23.5087,79.34,57,20,25.32,few clouds
164,Sao Francisco,BR,-15.9486,-44.8644,85.86,41,45,7.94,scattered clouds
165,Police,PL,53.5521,14.5718,62.24,48,81,1.99,broken clouds
166,Touros,BR,-5.1989,-35.4608,83.3,61,39,15.19,scattered clouds
167,Bolgatanga,GH,10.7856,-0.8514,101.86,27,97,7.0,overcast clouds
168,Lagoa,PT,39.05,-27.9833,60.01,66,80,9.55,broken clouds
169,Daur,PK,26.4583,68.3192,109.31,14,45,21.97,scattered clouds
170,Sylling,NO,59.8952,10.2792,72.46,27,5,6.98,clear sky
171,Athboy,IE,53.6186,-6.9206,55.69,97,100,5.64,overcast clouds
172,Bonfim,BR,3.0833,-59.95,77.83,82,98,2.82,overcast clouds
173,Matara,LK,5.9485,80.5353,80.37,85,100,14.09,overcast clouds
174,Moa,CU,20.6569,-74.9403,80.69,72,100,9.17,overcast clouds
175,Maceio,BR,-9.6658,-35.7353,81.84,74,75,12.33,broken clouds
176,Mwingi,KE,-0.9344,38.0601,79.36,47,46,9.31,scattered clouds
177,Rawson,AR,-43.3002,-65.1023,46.58,67,100,23.6,overcast clouds
178,Corn Island,NI,12.1694,-83.0418,81.1,77,99,13.06,overcast clouds
179,Dwarka,IN,22.2394,68.9678,84.92,81,5,14.23,clear sky
180,Syracuse,IT,37.0881,15.2792,86.05,63,3,9.22,clear sky
181,Obo,CF,5.3998,26.4869,90.43,44,84,1.19,broken clouds
182,Hornepayne,CA,49.2138,-84.7705,43.68,34,0,5.06,clear sky
183,Kudahuvadhoo,MV,2.6708,72.8944,83.21,75,88,21.14,overcast clouds
184,Torbay,CA,47.6666,-52.7314,48.88,72,75,16.11,broken clouds
185,Imbituba,BR,-28.24,-48.6703,62.49,65,87,12.3,overcast clouds
186,Baherden,TM,38.4362,57.4316,95.05,23,1,7.23,clear sky
187,Muncie,US,40.1934,-85.3864,61.0,88,90,6.91,overcast clouds
188,Gat,IL,31.61,34.7642,86.0,44,0,1.99,clear sky
189,Bridlington,GB,54.0831,-0.1919,64.0,71,96,4.0,overcast clouds
190,Yukamenskoye,RU,57.8865,52.2416,66.85,66,99,6.08,overcast clouds
191,Harer,ET,9.3094,42.1258,74.7,40,62,7.14,broken clouds
192,Nevesinje,BA,43.2586,18.1133,75.2,33,20,21.85,few clouds
193,Jutai,BR,-5.1833,-68.9,82.53,71,87,3.0,overcast clouds
194,Salalah,OM,17.0151,54.0924,89.6,70,20,16.11,few clouds
195,Vilya,RU,55.2456,42.2089,74.08,58,76,7.34,light rain
196,Port Elizabeth,ZA,-33.918,25.5701,75.09,43,0,17.27,clear sky
197,Keffi,NG,8.8486,7.8736,88.18,38,41,3.91,scattered clouds
198,Bengkulu,ID,-3.8004,102.2655,77.94,87,100,2.24,light rain
199,Ostrovnoy,RU,68.0531,39.5131,40.44,67,68,17.65,broken clouds
200,Jackson,US,42.4165,-122.8345,48.2,71,1,5.75,clear sky
201,Kemijarvi,FI,66.7131,27.4306,46.76,48,100,13.18,overcast clouds
202,Turayf,SA,31.6725,38.6637,95.25,13,0,11.5,clear sky
203,Carahue,CL,-38.7,-73.1667,50.0,100,75,9.22,broken clouds
204,Mahibadhoo,MV,3.7833,72.9667,83.91,74,99,22.26,overcast clouds
205,Caconda,AO,-13.7333,15.0667,76.71,18,0,5.03,clear sky
206,Coihueco,CL,-36.6167,-71.8333,47.14,91,90,3.58,overcast clouds
207,Nykoping,SE,58.753,17.0079,61.43,47,20,4.61,few clouds
208,Vila Velha,BR,-20.3297,-40.2925,78.75,85,40,5.01,scattered clouds
209,Ancud,CL,-41.8697,-73.8203,48.42,74,100,13.85,overcast clouds
210,Port Blair,IN,11.6667,92.75,82.56,81,100,4.83,overcast clouds
211,Abomsa,ET,9.9833,39.9833,90.61,11,0,19.28,clear sky
212,Bentiu,SS,9.2333,29.8333,100.11,25,81,1.92,broken clouds
213,Bandarbeyla,SO,9.4942,50.8122,83.07,71,70,25.08,broken clouds
214,Chapais,CA,49.7834,-74.8492,32.0,64,75,12.66,broken clouds
215,Puerto Colombia,CO,10.9878,-74.9547,78.8,89,75,2.3,broken clouds
216,Puerto Rico,AR,-26.796,-55.024,68.68,95,26,4.97,scattered clouds
217,Changji,CN,44.0167,87.3167,79.59,38,75,15.03,light rain
218,Prieska,ZA,-29.6641,22.7474,68.86,16,0,16.31,clear sky
219,Petrozavodsk,RU,61.7849,34.3469,54.86,71,75,9.91,light rain
220,Jizan,SA,17.3333,42.6667,97.74,29,7,15.46,clear sky
221,Gardabani,GE,41.4605,45.0928,77.09,64,100,5.53,light rain
222,Bluefields,NI,12.0137,-83.7635,80.6,94,40,9.22,scattered clouds
223,Bumba,CD,2.1833,22.4667,88.84,49,100,1.95,overcast clouds
224,Nosy Varika,MG,-20.5833,48.5333,75.15,73,0,7.99,clear sky
225,Floro,NO,61.5996,5.0328,73.24,55,0,10.36,clear sky
226,Sechura,PE,-5.5569,-80.8222,69.62,83,36,10.25,scattered clouds
227,Sandy Bay,AU,-42.913,147.3532,45.3,70,75,6.8,broken clouds
228,Dhidhdhoo,MV,6.8833,73.1,83.61,75,74,19.26,broken clouds
229,Point Pedro,LK,9.8167,80.2333,84.02,72,13,16.75,few clouds
230,Altamira,BR,-3.2033,-52.2064,84.29,79,75,5.75,broken clouds
231,Borsa,RO,47.6553,24.6633,58.91,96,100,2.62,light rain
232,Penzance,GB,50.1186,-5.5371,58.32,77,40,13.8,scattered clouds
233,General Roca,AR,-39.0333,-67.5833,46.8,50,96,28.39,overcast clouds
234,San Felipe,VE,10.3399,-68.7425,78.33,83,73,1.79,broken clouds
235,Adrar,MR,20.5022,-10.0711,105.08,10,9,12.03,clear sky
236,Eldersburg,US,39.4037,-76.9503,68.34,66,69,3.0,broken clouds
237,Jhang,PK,33.6748,72.6963,104.61,9,0,6.98,clear sky
238,Zary,PL,51.6421,15.1373,57.65,89,100,4.0,overcast clouds
239,Pachino,IT,36.7186,15.0907,86.04,63,5,13.02,clear sky
240,Magnitka,RU,55.3475,59.6961,74.41,35,8,6.2,clear sky
241,Kutum,SD,14.2,24.6667,96.46,8,43,10.58,scattered clouds
242,Punta Umbria,ES,37.1821,-6.9661,76.12,51,50,9.86,scattered clouds
243,Grand-Lahou,CI,5.1367,-5.0242,86.43,65,63,7.11,broken clouds
244,Gambela,ET,8.25,34.5833,89.4,46,36,2.3,scattered clouds
245,Shar,KZ,49.5886,81.0453,66.2,37,0,10.31,clear sky
246,Camabatela,AO,-8.1881,15.375,84.27,25,100,5.08,overcast clouds
247,Machali,CL,-34.1833,-70.6667,55.02,64,6,0.78,clear sky
248,Margate,GB,51.3813,1.3862,65.32,71,99,7.4,overcast clouds
249,Terrak,NO,65.087,12.3715,50.02,62,85,8.03,overcast clouds
250,Karaton,ID,-6.3424,106.1045,84.96,87,94,2.21,overcast clouds
251,Teberda,RU,43.4456,41.7448,69.22,42,7,2.46,clear sky
252,Barcelos,PT,41.5388,-8.6151,80.28,56,23,8.32,few clouds
253,Meulaboh,ID,4.1363,96.1285,78.21,89,100,8.12,overcast clouds
254,Madras,IN,13.0878,80.2785,91.0,55,20,10.36,few clouds
255,Prerov,CZ,49.4551,17.4509,66.92,48,97,15.99,overcast clouds
256,Odweyne,SO,9.4092,45.064,82.17,40,100,15.12,overcast clouds
257,Karasjok,NO,69.4719,25.5112,39.31,73,100,23.62,overcast clouds
258,San Carlos De Bariloche,AR,-41.1456,-71.3082,44.35,76,75,12.91,moderate rain
259,Lircay,PE,-12.9896,-74.7205,41.54,66,21,0.6,few clouds
260,Sinop,TR,41.7711,34.8709,59.43,69,95,2.08,light rain
261,Sibut,CF,5.718,19.0739,92.66,43,42,5.08,scattered clouds
262,Aktas,KZ,49.7789,72.9608,73.15,26,0,11.41,clear sky
263,Alenquer,BR,-1.9417,-54.7383,82.74,66,13,2.28,few clouds
264,Riachao,BR,-7.3619,-46.6172,82.9,41,92,7.34,overcast clouds
265,Praia Da Vitoria,PT,38.7333,-27.0667,64.76,67,20,5.53,few clouds
266,Diamantino,BR,-14.4086,-56.4461,81.5,52,100,8.41,overcast clouds
267,Arkhipo-Osipovka,RU,44.37,38.52,72.36,64,89,3.6,overcast clouds
268,Roald,NO,62.5833,6.1333,68.16,67,20,19.57,few clouds
269,Kaka,TM,37.3482,59.6143,96.21,17,6,7.63,clear sky
270,El Dorado,US,38.7666,-120.5177,59.02,38,0,1.99,clear sky
271,Quelimane,MZ,-17.8786,36.8883,80.6,50,75,3.44,broken clouds
272,Lucea,JM,18.451,-78.1736,81.86,76,93,6.78,overcast clouds
273,Beyneu,KZ,45.3167,55.2,90.18,22,0,4.41,clear sky
274,Coihaique,CL,-45.5752,-72.0662,38.01,100,75,3.44,broken clouds
275,Cadillac,US,44.2519,-85.4012,40.17,93,90,18.41,overcast clouds
276,Bjornevatn,NO,69.6672,29.9847,40.62,52,75,13.8,light rain
277,Iberia,US,29.9502,-91.7507,75.0,100,1,5.86,mist
278,Mananjary,MG,-21.2167,48.3333,75.0,73,0,7.83,clear sky
279,San Miguel De Cauri,PE,-10.1,-76.5833,46.62,69,62,1.74,broken clouds
280,Derzhavinsk,KZ,51.1,66.3167,74.59,24,6,10.4,clear sky
281,Svetlyy,RU,54.675,20.1347,51.8,93,75,2.24,broken clouds
282,Lola,GN,7.8,-8.5333,91.72,44,89,4.45,overcast clouds
283,Krasnoselkup,RU,65.7,82.4667,36.19,57,97,22.82,overcast clouds
284,Kisangani,CD,0.5167,25.2,88.16,66,75,1.88,broken clouds
285,Gravdal,NO,68.1214,13.5031,49.68,76,40,12.66,scattered clouds
286,Le Port,RE,-20.9373,55.2919,78.8,66,1,6.42,clear sky
287,Gwadar,PK,25.1216,62.3254,91.87,59,0,18.32,clear sky
288,Vangaindrano,MG,-23.35,47.6,75.0,76,0,8.23,clear sky
289,Sokoni,TZ,-6.4333,39.55,84.06,66,59,16.84,broken clouds
290,Morondava,MG,-20.2833,44.2833,78.1,59,0,12.19,clear sky
291,Qurbus,TN,36.8167,10.5687,77.0,36,20,8.05,few clouds
292,Uglovka,RU,58.2392,33.5108,65.07,45,10,8.93,clear sky
293,Ormara,PK,25.2088,64.6357,86.25,81,0,13.4,clear sky
294,Kasungu,MW,-13.0333,33.4833,77.04,30,0,5.79,clear sky
295,Porto Walter,BR,-8.2686,-72.7439,78.03,75,5,2.37,clear sky
296,Pangody,RU,65.85,74.4859,42.93,36,100,12.97,overcast clouds
297,Westport,US,41.1415,-73.3579,61.0,41,1,13.8,clear sky
298,Pljevlja,ME,43.3333,19.3333,53.06,75,89,5.46,overcast clouds
299,Bereda,ES,43.2686,-7.5406,77.41,44,28,3.09,scattered clouds
300,Carmarthen,GB,51.8555,-4.3054,58.93,67,75,5.91,broken clouds
301,Aksarka,RU,66.5606,67.7975,48.65,30,100,6.33,overcast clouds
302,Port-Gentil,GA,-0.7193,8.7815,82.36,78,75,11.5,broken clouds
303,Nantucket,US,41.2835,-70.0995,59.14,62,1,19.57,clear sky
304,Semnan,IR,35.5729,53.3971,87.67,17,9,5.21,clear sky
305,Oltu,TR,40.5498,42.0013,79.57,24,83,11.23,broken clouds
306,Muravlenko,RU,63.7898,74.523,44.91,38,100,11.21,overcast clouds
307,Fershampenuaz,RU,53.5202,59.8117,76.03,32,0,7.05,clear sky
308,Goderich,CA,43.7501,-81.7165,42.91,87,100,16.11,overcast clouds
309,Itarema,BR,-2.9248,-39.9167,83.98,60,5,13.96,clear sky
310,Richards Bay,ZA,-28.783,32.0377,74.82,72,1,9.95,clear sky
311,Bara,NG,10.3744,10.7288,103.51,18,13,7.23,few clouds
312,Huaraz,PE,-9.5333,-77.5333,53.92,75,12,1.12,few clouds
313,Ciudad Bolivar,VE,8.1222,-63.5497,80.35,72,99,8.03,overcast clouds
314,Mweka,CD,-4.85,21.5667,93.06,25,100,2.86,overcast clouds
315,Kostrzyn,PL,52.3985,17.2281,59.0,63,40,9.22,scattered clouds
316,Kavaratti,IN,10.5669,72.642,83.91,75,36,18.86,scattered clouds
317,Rabo De Peixe,PT,37.8,-25.5833,65.71,59,40,4.12,scattered clouds
318,Mehamn,NO,71.0357,27.8492,35.78,64,99,22.86,overcast clouds
319,Lima,PE,-12.0432,-77.0282,64.9,91,90,2.3,overcast clouds
320,Wageningen,NL,51.9667,5.6667,67.89,56,19,0.43,few clouds
321,Cururupu,BR,-1.8283,-44.8683,88.79,53,6,2.91,clear sky
322,Mato Verde,BR,-15.3972,-42.8664,84.36,38,26,8.25,scattered clouds
323,Lyubinskiy,RU,55.1542,72.6925,64.08,43,19,8.79,few clouds
324,Boone,US,39.0334,-92.3335,53.01,1,100,8.99,overcast clouds
325,Aviles,ES,43.5547,-5.9248,66.76,75,20,7.0,few clouds
326,Leshukonskoye,RU,64.8989,45.7622,45.03,97,100,2.93,overcast clouds
327,Fuerte Olimpo,PY,-21.0415,-57.8738,82.8,47,100,11.83,overcast clouds
328,Colombia,CU,20.9881,-77.4297,75.92,73,6,10.2,clear sky
329,Turukhansk,RU,65.8167,87.9833,42.17,92,100,7.47,light rain
330,Ichhawar,IN,23.0167,77.0167,104.09,14,99,7.65,overcast clouds
331,Gogrial,SS,8.5332,28.1004,101.62,24,58,2.06,broken clouds
332,Harper,LR,4.375,-7.7169,85.21,71,97,9.01,light rain
333,Grand-Santi,GF,4.25,-54.3833,78.01,88,95,2.06,overcast clouds
334,Kantabanji,IN,20.4833,82.9167,100.17,15,61,3.62,broken clouds
335,Okulovka,RU,58.4008,33.2908,64.49,47,19,9.17,few clouds
336,Kangasala,FI,61.4638,24.076,62.01,63,40,13.8,scattered clouds
337,Clearwater,US,27.9659,-82.8001,82.06,81,1,1.01,clear sky
338,Ambilobe,MG,-13.2,49.05,82.47,59,39,4.45,scattered clouds
339,Bletchley,GB,51.9933,-0.7347,68.38,57,40,6.26,scattered clouds
340,Leh,IN,34.1667,77.5833,56.14,17,21,7.4,few clouds
341,Avallon,FR,47.4833,3.9,66.13,62,22,9.91,few clouds
342,Alakurtti,RU,66.9672,30.3491,41.63,46,100,12.55,overcast clouds
343,Soyo,AO,-6.1349,12.3689,86.05,67,75,9.91,broken clouds
344,Ngora,UG,1.4314,33.7772,82.76,46,100,3.62,overcast clouds
345,Cornwall,CA,45.0181,-74.7281,42.89,52,1,7.05,clear sky
346,Omboue,GA,-1.5746,9.2618,82.58,73,96,7.87,overcast clouds
347,Ippy,CF,6.2679,21.2247,90.07,44,21,3.6,few clouds
348,Saint-Francois,FR,46.4154,3.9054,72.68,41,0,6.91,clear sky
349,Oban,GB,56.4127,-5.4706,55.85,71,100,2.06,overcast clouds
350,Ilhabela,BR,-23.7781,-45.3581,76.21,59,95,4.99,overcast clouds
351,Teplyk,UA,48.6657,29.745,73.62,59,100,4.65,overcast clouds
352,Marrakesh,MA,31.6315,-8.0083,82.47,47,75,5.75,broken clouds
353,Okrika,NG,4.7416,7.0849,88.12,64,100,7.58,light rain
354,Araouane,ML,18.9048,-3.5265,110.44,4,64,14.61,broken clouds
355,Benghazi,LY,32.1167,20.0667,78.13,49,12,12.33,few clouds
356,Vicosa,BR,-20.7539,-42.8819,72.0,89,0,1.01,clear sky
357,Catalina,US,32.5056,-110.9211,71.08,22,0,1.28,clear sky
358,Verkhniy Mamon,RU,50.1635,40.3832,78.8,44,26,6.2,scattered clouds
359,Luau,AO,-10.7073,22.2247,83.34,22,90,5.01,overcast clouds
360,Bin Qirdan,TN,33.1378,11.2197,81.21,55,0,13.02,clear sky
361,Mali,GN,12.079,-12.2982,78.12,27,92,4.56,overcast clouds
362,Henties Bay,NA,-22.116,14.2845,65.86,67,1,13.0,clear sky
363,Santa Rosa,PH,14.3122,121.1114,88.09,73,64,4.36,broken clouds
364,Latnaya,RU,51.6586,38.9011,80.49,52,100,6.78,overcast clouds
365,Evanston,US,42.0411,-87.6901,46.51,89,90,4.0,overcast clouds
366,Bonavista,CA,48.6499,-53.1147,48.2,62,36,11.34,scattered clouds
367,Paducah,US,37.0834,-88.6001,69.8,88,90,9.08,overcast clouds
368,Giyon,ET,8.5333,37.9833,78.62,32,96,1.41,overcast clouds
369,Marion,US,39.7684,-86.1555,68.58,92,90,4.59,overcast clouds
370,Carnarvon,AU,-24.8667,113.6333,75.27,88,2,5.75,clear sky
371,Shirgaon,IN,19.7,72.7,87.82,71,98,10.0,overcast clouds
372,Kortkeros,RU,61.8106,51.5806,60.8,48,20,8.95,few clouds
373,Marystown,CA,47.1666,-55.1483,43.81,59,51,20.02,broken clouds
374,Vuktyl,RU,63.8567,57.3094,47.66,67,99,7.23,overcast clouds
375,Maroantsetra,MG,-15.4333,49.7333,76.37,78,32,6.64,light rain
376,Mayumba,GA,-3.432,10.6554,81.61,77,96,10.27,overcast clouds
377,Mishkino,RU,55.3389,63.9175,73.76,38,15,7.7,few clouds
378,Laguna,US,38.421,-121.4238,62.92,81,1,1.01,clear sky
379,Paipa,CO,5.7801,-73.1171,59.68,76,51,0.58,broken clouds
380,Conde,BR,-7.2597,-34.9075,80.06,83,75,14.43,broken clouds
381,Kargasok,RU,59.0556,80.8572,48.02,39,70,15.37,broken clouds
382,Nadaun,IN,31.7833,76.35,99.39,17,0,3.76,clear sky
383,Hassleholm,SE,56.1591,13.7664,60.96,91,100,4.12,overcast clouds
384,Soverato,IT,38.685,16.5499,78.71,44,100,4.59,overcast clouds
385,Grindavik,IS,63.8424,-22.4338,56.55,87,75,45.48,heavy intensity rain
386,Melito Di Porto Salvo,IT,37.9222,15.7714,76.89,41,20,5.3,few clouds
387,Kalaleh,IR,37.3807,55.4916,94.6,24,0,6.91,clear sky
388,Baherove,UA,45.3742,36.2971,70.97,68,57,8.99,broken clouds
389,Antalaha,MG,-14.9003,50.2788,78.91,73,2,11.32,light rain
390,Cabimas,VE,10.3883,-71.4399,81.54,77,100,5.68,overcast clouds
391,Chotila,IN,22.4167,71.1833,100.22,29,4,13.94,clear sky
392,Matadi,CD,-5.8167,13.45,95.54,37,11,1.77,few clouds
393,Buritama,BR,-21.0661,-50.1472,83.35,39,39,7.29,scattered clouds
394,Beira,MZ,-19.8436,34.8389,82.4,39,20,5.3,few clouds
395,Gualaceo,EC,-2.9,-78.7833,53.26,84,21,0.43,few clouds
396,Pitkyaranta,RU,61.5734,31.4792,48.76,91,100,7.92,light rain
397,Kyshtovka,RU,56.555,76.6271,52.72,54,85,9.33,overcast clouds
398,Sao Jose Da Coroa Grande,BR,-8.8978,-35.1478,81.32,67,39,14.27,scattered clouds
399,Ibra,OM,22.6906,58.5334,106.18,4,51,13.6,broken clouds
400,Iki-Burul,RU,45.8208,44.6472,86.34,45,71,13.2,broken clouds
401,Notre-Dame-Du-Lac,CA,47.6136,-68.7964,38.64,41,1,13.67,clear sky
402,Harnosand,SE,62.6323,17.9379,64.42,64,8,11.59,clear sky
403,Stephenville Crossing,CA,48.5,-58.4318,44.22,52,20,19.57,few clouds
404,Gazanjyk,TM,39.2446,55.5154,93.67,22,0,5.17,clear sky
405,Killybegs,IE,54.6333,-8.45,53.31,88,100,3.42,overcast clouds
406,Talnakh,RU,69.4865,88.3972,32.31,91,82,4.85,broken clouds
407,Buchanan,LR,5.8808,-10.0467,89.56,72,100,6.64,light rain
408,Maragogi,BR,-9.0122,-35.2225,81.1,68,17,14.38,few clouds
409,Riachao Das Neves,BR,-11.7461,-44.91,81.55,36,5,7.0,clear sky
410,Veinticinco De Mayo,AR,-35.4323,-60.1727,51.01,62,100,4.0,overcast clouds
411,La Rioja,ES,42.25,-2.5,74.05,52,100,7.23,overcast clouds
412,Jebel,RO,45.5556,21.2136,71.83,71,100,11.86,overcast clouds
413,Urengoy,RU,65.9667,78.3667,39.9,49,100,17.65,overcast clouds
414,Areia Branca,BR,-4.9561,-37.1369,86.2,53,67,12.55,broken clouds
415,Balad,IQ,34.0164,44.1453,108.27,6,0,16.55,clear sky
416,Beruwala,LK,6.4788,79.9828,81.14,84,98,10.54,overcast clouds
417,Cookeville,US,36.1628,-85.5016,71.6,88,90,8.05,moderate rain
418,Tombouctou,ML,20.0,-3.0,111.24,3,100,15.84,overcast clouds
419,Hearst,CA,49.6835,-83.6665,41.25,39,0,5.5,clear sky
420,Qaqortoq,GL,60.7167,-46.0333,55.9,66,5,8.03,clear sky
421,Bam,IR,29.106,58.357,93.97,11,0,17.2,clear sky
422,Maniitsoq,GL,65.4167,-52.9,39.52,80,8,11.43,clear sky
423,Adre,TD,13.4667,22.2,101.55,8,6,11.59,clear sky
424,Hambantota,LK,6.1241,81.1185,87.8,70,75,11.5,broken clouds
425,Moussoro,TD,13.6408,16.4901,97.61,27,95,9.37,overcast clouds
426,Santa Marta,CO,11.2408,-74.199,83.98,81,100,6.87,overcast clouds
427,Camacha,PT,33.0833,-16.3333,69.8,64,20,11.5,few clouds
428,Isabela,PH,6.7085,121.9711,80.65,80,62,2.59,broken clouds
429,Madisonville,US,37.3281,-87.4989,69.01,94,90,6.06,overcast clouds
430,Kjollefjord,NO,70.9457,27.3465,35.65,66,100,22.7,overcast clouds
431,Susangerd,IR,31.5608,48.1831,114.82,5,0,9.42,clear sky
432,Gilgit,PK,35.9221,74.3087,82.33,22,36,2.08,scattered clouds
433,Olafsvik,IS,64.8945,-23.7142,49.26,75,100,15.99,moderate rain
434,Mecca,SA,21.4267,39.8261,101.3,26,7,16.87,clear sky
435,Machico,PT,32.7,-16.7667,70.88,72,40,6.91,scattered clouds
436,Albacete,ES,38.8333,-2.0,70.18,46,0,6.93,clear sky
437,Prainha,BR,-1.8,-53.48,82.78,67,99,3.2,overcast clouds
438,Bilma,NE,18.6853,12.9164,106.09,3,1,9.13,clear sky
439,Niamey,NE,13.5137,2.1098,100.4,30,20,8.05,few clouds
440,Gobabis,NA,-22.45,18.9667,75.58,16,0,4.03,clear sky
441,Stornoway,GB,58.2093,-6.3865,58.93,72,20,2.3,few clouds
442,Babenhausen,DE,49.9667,8.9578,67.64,51,98,1.99,overcast clouds
443,Marsabit,KE,2.3284,37.9899,78.69,37,54,16.17,broken clouds
444,Sakakah,SA,29.9697,40.2064,102.2,7,0,8.05,clear sky
445,Talcahuano,CL,-36.7167,-73.1167,51.48,100,75,4.61,broken clouds
446,Dudinka,RU,69.4058,86.1778,29.91,93,97,10.65,overcast clouds
447,Mucuri,BR,-18.0864,-39.5508,79.34,66,1,2.73,clear sky
448,Buzmeyin,TM,38.0507,58.2056,92.93,27,75,4.74,broken clouds
449,Candido Mendes,BR,-1.4467,-45.7167,85.46,65,6,2.82,clear sky
450,Khotynets,RU,53.1286,35.3966,69.39,76,88,3.98,overcast clouds
451,Rojhan,PK,28.6868,69.9534,113.79,8,0,16.53,clear sky
452,Abnub,EG,27.2696,31.1511,96.8,15,0,17.27,clear sky
453,Kushalgarh,IN,23.199,74.4507,102.0,26,12,14.5,few clouds
454,Sochi,RU,43.6,39.7303,69.89,70,85,6.87,overcast clouds
455,Puerto Quijarro,BO,-17.7833,-57.7667,82.96,46,100,6.87,overcast clouds
456,Kati,ML,12.7441,-8.0726,94.41,21,100,4.9,overcast clouds
457,Vestmanna,FO,62.1564,-7.1664,48.2,81,90,20.71,overcast clouds
458,Landeck,AT,47.1301,10.5636,66.29,47,100,2.75,overcast clouds
459,Togur,RU,58.3631,82.8265,47.7,42,52,14.09,broken clouds
460,Kazachka,RU,53.3644,38.0694,74.39,58,24,8.12,few clouds
461,Taltal,CL,-25.4,-70.4833,62.58,79,42,1.68,scattered clouds
462,Peniche,PT,39.3558,-9.3811,72.0,64,64,8.01,broken clouds
463,Amilly,FR,47.9728,2.7719,71.01,53,19,3.0,few clouds
464,Kochi,IN,9.9399,76.2602,85.98,80,30,9.57,scattered clouds
465,Tame,CO,6.461,-71.73,75.88,83,30,2.91,scattered clouds
466,Sfantu Gheorghe,RO,45.8667,25.7833,56.57,90,100,4.0,light rain
467,Bani Walid,LY,31.7566,13.9942,106.99,7,99,7.85,overcast clouds
468,Bilaspur,IN,22.0833,82.15,101.88,14,100,6.02,overcast clouds
469,Muros,ES,42.7762,-9.0603,78.67,64,40,9.06,scattered clouds
470,Oranjestad,AW,12.524,-70.027,84.0,74,40,19.57,scattered clouds
471,Sao Raimundo Nonato,BR,-9.0153,-42.6994,85.75,33,65,9.04,broken clouds
472,Lagunillas,VE,10.1301,-71.2595,82.08,73,100,7.94,overcast clouds
473,Apastepeque,SV,13.6667,-88.7833,75.27,78,100,3.29,overcast clouds
474,Campoverde,PE,-8.4753,-74.8058,76.91,76,13,1.45,few clouds
475,Konya,TR,38.1667,32.5,84.2,20,40,6.91,scattered clouds
476,San Cristobal,VE,7.7669,-72.225,66.38,62,30,3.33,scattered clouds
477,Vila Franca Do Campo,PT,37.7167,-25.4333,66.61,56,98,3.76,overcast clouds
478,Kongwa,TZ,-6.2,36.4167,74.98,53,98,9.01,overcast clouds
479,Macusani,PE,-14.0833,-70.4333,42.01,38,71,2.84,broken clouds
480,Ugra,RU,54.7777,34.3267,67.64,68,99,3.76,overcast clouds
481,Taoudenni,ML,22.6783,-3.9836,113.11,7,32,17.09,scattered clouds
482,Rurrenabaque,BO,-14.4413,-67.5278,71.49,94,75,0.0,broken clouds
483,Sawakin,SD,19.1059,37.3321,93.27,54,14,10.56,few clouds
484,Raudeberg,NO,61.9875,5.1352,65.8,79,16,23.71,few clouds
485,Biscarrosse,FR,44.3945,-1.1672,87.49,41,0,8.05,clear sky
486,Siderno,IT,38.2779,16.302,80.33,49,96,6.42,overcast clouds
487,Santa Cruz De Tenerife,ES,28.4682,-16.2546,73.62,59,20,10.0,few clouds
488,Kaputa,ZM,-8.4689,29.6619,77.11,44,50,3.4,scattered clouds
489,Atlantic Beach,US,30.3344,-81.3987,81.12,69,20,1.01,few clouds
490,Reidsville,US,36.3549,-79.6645,76.26,73,1,3.58,clear sky
491,La Ferte-Bernard,FR,48.1863,0.6536,69.42,57,23,10.51,few clouds
492,Great Yarmouth,GB,52.6083,1.7305,66.56,73,27,10.11,scattered clouds
493,Kedrovyy,RU,56.1667,91.8167,41.41,88,100,9.64,light rain
494,Milove,UA,49.3787,40.1302,78.48,44,49,6.73,scattered clouds
495,Banfora,BF,10.6333,-4.7667,100.4,30,21,5.59,few clouds
496,Santa Cruz Del Sur,CU,20.7147,-77.9956,79.39,76,21,13.56,few clouds
497,Plymouth,US,41.8334,-70.8328,58.69,58,75,1.99,broken clouds
498,Belyy Yar,RU,53.6039,91.3903,57.09,44,0,12.44,light rain
499,Mendoza,AR,-32.8908,-68.8272,45.93,61,0,3.44,clear sky
500,Paris,FR,48.8534,2.3488,72.25,44,0,7.81,clear sky
501,Melfi,IT,40.9965,15.6514,81.5,30,2,13.24,clear sky
502,Arlit,NE,18.7369,7.3853,106.56,3,100,10.25,overcast clouds
503,Przasnysz,PL,53.0191,20.8803,64.67,70,75,10.31,broken clouds
504,Miguel Calmon,BR,-11.4289,-40.595,76.14,43,6,6.8,clear sky
505,Abu Samrah,SY,35.3029,37.1841,89.85,19,5,22.32,clear sky
506,Umm Lajj,SA,25.0213,37.2685,88.48,54,10,5.93,clear sky
507,Deep River,CA,46.1001,-77.4995,39.99,45,20,9.22,few clouds
508,Besskorbnaya,RU,44.6447,41.311,76.82,58,28,8.63,scattered clouds
509,Port Said,EG,31.2565,32.2841,74.17,71,0,19.08,clear sky
510,Havoysund,NO,70.9963,24.6622,38.28,64,100,19.42,overcast clouds
511,Mbandaka,CD,0.0487,18.2603,86.95,52,98,0.72,overcast clouds
512,Pitimbu,BR,-7.4706,-34.8086,81.19,80,100,14.99,overcast clouds
513,Zvishavane,ZW,-20.3267,30.0665,79.7,12,0,2.01,clear sky
514,Vila Do Maio,CV,15.1333,-23.2167,79.59,80,23,18.75,few clouds
515,Salinopolis,BR,-0.6136,-47.3561,82.35,78,28,7.0,scattered clouds
516,Camacupa,AO,-12.0167,17.4833,79.12,21,0,2.06,clear sky
517,Mao,ES,39.8885,4.2658,68.56,64,20,8.05,light rain
518,Barahona,DO,18.2085,-71.1008,81.14,69,9,2.01,clear sky
519,Sarahan,IN,31.5167,77.8,70.57,42,9,4.56,clear sky
520,Vizinga,RU,61.0749,50.1031,66.83,34,98,6.44,overcast clouds
521,Arinos,BR,-15.9169,-46.1056,84.4,41,62,5.28,broken clouds
522,Horki,BY,54.2861,30.9842,69.78,66,99,5.19,overcast clouds
523,Chingirlau,KZ,51.095,54.0814,82.58,34,100,14.74,overcast clouds
524,Nefteyugansk,RU,61.0998,72.6035,44.85,37,95,5.86,overcast clouds
525,Horodok,UA,49.1637,26.5839,63.21,93,100,7.96,overcast clouds
526,Sisimiut,GL,66.9395,-53.6735,41.59,71,74,8.88,broken clouds
527,Mookane,BW,-23.688,26.6595,78.46,13,0,5.37,clear sky
528,Aras,ES,42.5617,-2.356,77.41,39,0,2.62,clear sky
529,Lasa,IT,46.6166,10.7002,72.48,66,96,3.76,overcast clouds
530,Breyten,ZA,-26.3018,29.987,66.51,17,100,10.69,overcast clouds
531,Jacmel,HT,18.2342,-72.5347,76.84,68,12,1.54,few clouds
532,Jibuti,DJ,11.5,42.5,87.22,23,5,17.02,clear sky
533,Taperoa,BR,-7.2075,-36.8267,79.41,63,99,16.51,overcast clouds
534,Totskoye,RU,52.5248,52.7623,82.96,34,68,12.19,broken clouds
535,Kamenka,RU,51.3223,42.7678,75.69,45,69,6.15,broken clouds
536,Marzuq,YE,14.4,46.4667,90.91,18,29,10.09,scattered clouds
537,Eyl,SO,7.9803,49.8164,84.45,65,98,18.72,overcast clouds
538,Sambava,MG,-14.2667,50.1667,79.7,69,3,11.9,clear sky
539,Opuwo,NA,-18.0607,13.84,82.26,16,0,11.3,clear sky
540,Toktogul,KG,41.8708,72.9402,73.94,56,100,1.05,overcast clouds
541,Manicore,BR,-5.8092,-61.3003,83.44,61,100,2.91,overcast clouds
542,Mutuipe,BR,-13.2286,-39.5047,79.34,55,45,4.97,scattered clouds
543,Saint-Pierre,RE,-21.3393,55.4781,78.44,70,0,4.61,clear sky
544,Bongandanga,CD,1.5,21.05,90.3,48,96,1.1,overcast clouds
545,Marsh Harbour,BS,26.5412,-77.0636,76.89,73,83,5.99,broken clouds
546,Nouadhibou,MR,20.931,-17.0347,73.38,68,29,16.11,scattered clouds
547,Santa Cruz,BO,-17.8,-63.1667,73.45,78,75,17.27,broken clouds
548,Osinki,RU,52.8432,49.5132,80.33,40,92,8.95,overcast clouds
549,Ambanja,MG,-13.6833,48.45,85.93,70,0,4.97,clear sky
550,Anuradhapura,LK,8.3565,80.4173,80.96,79,29,12.17,scattered clouds
551,Luxor,EG,25.6989,32.6421,105.85,17,0,9.22,clear sky
552,Chepareria,KE,1.3077,35.2039,75.38,50,86,4.12,light rain
553,Nioro,GM,13.35,-15.75,99.32,16,5,4.25,clear sky
554,Maniwaki,CA,46.3834,-75.966,37.94,60,100,7.45,overcast clouds
555,Coari,BR,-4.085,-63.1414,81.28,74,90,3.49,overcast clouds
556,San Rafael,AR,-34.6177,-68.3301,51.46,63,4,10.16,clear sky
557,Albanel,CA,48.8832,-72.4487,35.74,55,2,13.8,clear sky
558,Tucupita,VE,9.0622,-62.051,79.07,85,99,5.08,overcast clouds
559,Koster,ZA,-25.863,26.8976,70.41,15,0,12.37,clear sky
560,Bagan,RU,54.1001,77.6646,62.11,40,66,7.07,broken clouds
561,Uige,AO,-7.6087,15.0613,87.82,33,20,4.61,few clouds
562,Aswan,EG,24.0934,32.907,107.83,8,37,11.14,scattered clouds
563,Gisors,FR,49.2818,1.7801,71.06,57,92,7.83,overcast clouds
564,Thunder Bay,CA,48.4001,-89.3168,40.55,96,1,4.61,clear sky
565,Sao Raimundo Das Mangabeiras,BR,-7.0219,-45.4811,84.7,41,83,8.7,broken clouds
566,Acarau,BR,-2.8856,-40.12,83.55,64,9,12.62,clear sky
567,Sao Miguel Do Araguaia,BR,-13.275,-50.1628,83.7,37,97,4.52,overcast clouds
568,Bafilo,TG,9.35,1.2667,87.87,37,42,5.14,scattered clouds
569,Ravar,IR,31.2656,56.8055,89.94,11,0,14.63,clear sky
570,Yarmouth,US,41.7057,-70.2286,59.14,49,1,5.01,clear sky
571,Mana,GF,5.6592,-53.7767,78.64,89,99,5.82,overcast clouds
572,Kayerkan,RU,69.3497,87.7602,30.27,96,91,6.98,overcast clouds
573,Mitu,CO,1.1983,-70.1733,78.31,79,33,2.08,scattered clouds
574,Ritchie,ZA,-29.038,24.6028,76.21,15,5,19.95,clear sky
575,Bajil,YE,15.0584,43.2851,99.12,30,15,10.96,few clouds
576,Wana,PK,32.2989,69.5725,90.46,13,36,15.79,scattered clouds
577,Murgab,TM,37.4966,61.9714,100.27,28,0,13.2,clear sky
578,Tiznit,MA,29.5833,-9.5,79.74,34,100,7.0,overcast clouds
579,Puerto Baquerizo Moreno,EC,-0.9,-89.6,73.69,84,88,12.95,overcast clouds
580,Stokmarknes,NO,68.5646,14.9108,50.38,61,40,14.97,scattered clouds
581,Acari,PE,-15.4311,-74.6158,72.1,69,8,3.11,clear sky
582,Oussouye,SN,12.485,-16.5469,89.78,32,0,6.91,clear sky
583,Krasnogvardeyskiy,RU,57.3793,62.3195,71.49,34,21,4.21,few clouds
584,Uvinza,TZ,-5.1036,30.3911,81.63,49,95,4.0,overcast clouds
585,Inirida,CO,3.8653,-67.9239,78.6,78,37,1.34,scattered clouds
586,Banda Aceh,ID,5.5577,95.3222,79.68,84,100,17.72,light rain
587,Ondangwa,NA,-17.9167,15.95,80.6,24,0,4.61,clear sky
588,Ginir,ET,7.1333,40.7,65.62,68,98,8.12,light rain
589,Iskateley,RU,67.6803,53.1512,44.11,64,98,12.46,overcast clouds
590,Alnashi,RU,56.1874,52.4792,72.18,45,1,7.14,clear sky
591,La Peca,PE,-5.6111,-78.435,70.92,79,45,1.36,scattered clouds
592,Monrovia,LR,6.3005,-10.7969,89.37,69,50,7.2,scattered clouds
593,Qasigiannguit,GL,68.8193,-51.1922,52.05,61,13,0.38,few clouds
594,Itacare,BR,-14.2775,-38.9967,76.89,61,12,1.14,few clouds
595,Amalapuram,IN,16.5833,82.0167,97.18,40,18,8.97,few clouds
596,Nalut,LY,30.3333,10.85,106.84,7,3,10.25,clear sky
597,Essex,US,40.7834,-74.2163,64.6,55,75,5.01,broken clouds
598,Paita,PE,-5.0892,-81.1144,68.56,86,100,10.27,overcast clouds
599,Carupano,VE,10.6678,-63.2585,80.17,75,22,6.67,few clouds
600,Ilinskiy,RU,55.619,38.1182,73.78,60,40,6.71,scattered clouds
601,Synya,RU,65.3718,58.0387,43.81,77,100,9.26,overcast clouds
602,Mahanoro,MG,-19.9,48.8,75.22,71,0,7.63,clear sky
603,Yashkul,RU,46.1711,45.3435,81.5,41,78,13.62,broken clouds
604,Valparaiso,CL,-33.0393,-71.6273,52.72,93,0,6.22,clear sky
605,Kathmandu,NP,27.7167,85.3167,64.4,100,90,9.22,overcast clouds
606,Mezen,RU,65.8522,44.24,45.61,78,100,4.36,light rain
607,Arcachon,FR,44.5875,-1.0519,86.41,44,0,10.36,clear sky
608,Vieques,PR,18.425,-65.8329,84.0,74,20,9.44,few clouds
609,Laje,BR,-10.1833,-40.9667,78.1,37,2,8.46,clear sky
610,Mamallapuram,IN,12.6264,80.1722,89.06,64,64,14.92,broken clouds
611,Huayucachi,PE,-12.1333,-75.2333,49.78,70,3,1.99,clear sky
612,Skagen,DK,57.7209,10.5839,58.26,73,100,10.16,overcast clouds
613,Paso De Los Toros,UY,-32.8167,-56.5167,50.34,79,86,8.68,overcast clouds
614,Rochegda,RU,62.8,43.25,58.71,81,92,8.7,overcast clouds
615,Khartoum,SD,15.5518,32.5324,110.57,8,7,14.32,clear sky
616,Atar,MR,20.5169,-13.0499,104.74,12,98,4.23,overcast clouds
617,Wajir,KE,1.7471,40.0573,87.76,51,40,1.14,scattered clouds
618,Nove Mesto Pod Smrkem,CZ,50.9249,15.2294,54.88,75,88,8.57,overcast clouds
619,Conceicao Da Barra,BR,-18.5933,-39.7322,82.65,60,32,3.58,scattered clouds
620,Walajapet,IN,12.9333,79.3833,100.04,25,100,5.03,overcast clouds
621,Lar,IN,26.2039,83.9717,76.86,93,100,16.22,overcast clouds
622,Bama,NG,11.5221,13.6856,103.6,17,86,9.51,overcast clouds
623,Chicama,PE,-7.8447,-79.1469,63.14,89,98,5.1,overcast clouds
624,Strezhevoy,RU,60.7333,77.5889,39.18,42,95,11.14,overcast clouds
625,Aripuana,BR,-9.1667,-60.6333,81.46,58,82,1.81,broken clouds
626,Bekhtery,UA,46.251,32.2927,84.63,52,100,4.9,overcast clouds
627,Alta Floresta,BR,-9.8756,-56.0861,77.74,61,92,3.06,overcast clouds
628,Abu Dhabi,AE,24.4667,54.3667,98.62,41,0,12.24,clear sky
629,Vallenar,CL,-28.5708,-70.7581,65.71,52,100,0.83,overcast clouds
630,Khakhea,BW,-24.6895,23.494,76.69,15,0,9.62,clear sky
631,Straumen,NO,63.8709,11.2999,56.5,55,5,10.38,clear sky
632,Ampanihy,MG,-24.7,44.75,82.22,26,0,0.67,clear sky
633,Edwardsville,US,38.8114,-89.9532,66.18,100,90,14.61,overcast clouds
634,Salto,UY,-31.3833,-57.9667,57.36,88,90,0.0,overcast clouds
635,Murdochville,CA,48.9583,-65.5006,31.08,49,100,18.63,overcast clouds
636,Charleston,US,32.7766,-79.9309,81.0,83,1,5.75,clear sky
637,Emba,KZ,48.8264,58.1442,88.0,23,62,14.38,broken clouds
638,Kibala,TD,9.1104,18.3463,94.95,36,20,6.91,few clouds
639,Voronovytsya,UA,49.1095,28.6808,64.51,82,75,7.16,broken clouds
640,Sinnamary,GF,5.3833,-52.95,78.6,89,57,6.08,broken clouds
641,Zafra,ES,38.4167,-6.4167,84.43,31,37,8.75,scattered clouds
642,Mineiros,BR,-17.5694,-52.5511,80.92,46,100,8.48,overcast clouds
643,Moldoveni,RO,46.8333,26.7667,65.39,91,100,2.8,overcast clouds
644,Basna,IN,21.2833,82.8167,100.02,18,100,4.36,overcast clouds
645,Zhezkazgan,KZ,47.8043,67.7144,82.4,19,0,11.48,clear sky
646,Maracacume,BR,-2.0428,-45.9592,87.1,58,4,1.83,clear sky
647,Teutonia,BR,-29.4481,-51.8064,70.34,85,100,4.0,moderate rain
648,Panguipulli,CL,-39.6333,-72.3333,49.71,97,100,5.61,light rain
649,Xuddur,SO,4.1213,43.8894,83.26,49,99,15.43,overcast clouds
650,Gao,ML,16.6362,1.637,107.71,10,91,10.94,overcast clouds
651,La Macarena,CO,2.1837,-73.7849,74.37,92,77,2.53,broken clouds
652,Rock Sound,BS,24.9,-76.2,77.0,76,100,11.72,overcast clouds
653,Santa Vitoria Do Palmar,BR,-33.5189,-53.3681,60.84,70,14,8.59,few clouds
654,Ottawa,CA,45.4112,-75.6981,42.44,53,75,1.99,broken clouds
655,Misratah,LY,32.3754,15.0925,84.99,46,7,19.91,clear sky
656,Mercedes,AR,-34.6515,-59.4307,58.86,80,100,8.34,overcast clouds
657,Akdepe,TM,42.0551,59.3788,98.69,18,3,13.13,clear sky
658,Trinidad,BO,-14.8333,-64.9,71.58,100,10,0.0,clear sky
659,San Lawrenz,MT,36.0553,14.204,78.21,74,11,14.97,few clouds
660,Resistencia,AR,-27.4606,-58.9839,77.09,80,0,10.36,clear sky
661,Iquitos,PE,-3.7481,-73.2472,75.24,94,0,0.0,clear sky
662,Olenegorsk,RU,68.15,33.3,41.85,52,100,12.39,overcast clouds
663,Ankazoabo,MG,-22.2833,44.5167,81.59,27,0,5.66,clear sky
664,Hudiksvall,SE,61.729,17.1036,61.99,37,0,7.2,clear sky
665,Ayacucho,PE,-13.1583,-74.2239,49.86,66,0,0.0,clear sky
666,Nizwa,OM,22.9333,57.5333,105.91,5,0,4.36,clear sky
667,Goundam,ML,16.4145,-3.6708,109.02,8,86,10.74,overcast clouds
668,Wilmington,US,34.2257,-77.9447,82.98,68,1,13.8,clear sky
669,Nadym,RU,65.5333,72.5167,45.72,36,100,5.84,overcast clouds
670,Dragoesti,RO,47.55,26.0833,61.97,90,100,7.2,light rain
671,Mazagao,BR,-0.115,-51.2894,82.45,96,98,4.34,overcast clouds
672,Muisne,EC,0.6,-80.0333,76.86,87,93,11.63,overcast clouds
673,Caxito,AO,-8.5785,13.6643,83.05,33,73,3.0,broken clouds
674,Lucapa,AO,-8.4192,20.7447,87.44,23,9,5.12,clear sky
675,Thompson,CA,55.7435,-97.8558,44.76,49,75,6.91,broken clouds
676,Port Hawkesbury,CA,45.6169,-61.3485,48.9,48,1,8.01,clear sky
677,Louis Trichardt,ZA,-23.0439,29.9032,79.77,13,3,7.54,clear sky
678,Dalvik,IS,65.9702,-18.5286,60.73,49,24,11.74,few clouds
679,Saint-Michel-Des-Saints,CA,46.6834,-73.9159,35.94,33,92,7.2,overcast clouds
680,Jasper,US,37.2001,-94.3502,60.46,88,90,3.0,overcast clouds
681,San Esteban,HN,15.2,-85.75,76.1,75,91,1.32,overcast clouds
682,Morant Bay,JM,17.8815,-76.4093,82.02,74,42,8.01,scattered clouds
683,Los Algarrobos,PA,8.5,-82.4333,84.45,100,40,2.19,scattered clouds
684,Altay,CN,47.8667,88.1167,69.96,32,0,11.48,clear sky
685,Clermont,FR,49.5,2.4167,70.16,56,83,7.63,broken clouds
686,Marawi,PH,7.9986,124.2928,72.64,96,76,0.96,broken clouds
687,La Libertad,EC,-2.2333,-80.9,71.26,94,75,8.25,broken clouds
688,Grajau,BR,-5.8194,-46.1386,83.97,54,55,3.71,broken clouds
689,Forestville,US,38.8451,-76.875,70.66,65,75,9.22,broken clouds
690,Stafford,GB,52.8052,-2.1164,66.42,68,100,6.71,overcast clouds
691,Evanton,GB,57.6638,-4.34,57.72,88,14,8.05,few clouds
692,Cali,CO,3.4372,-76.5225,69.8,94,75,1.61,broken clouds
693,Inta,RU,66.0317,60.1659,46.94,62,100,15.84,overcast clouds
694,Bay City,US,43.5945,-83.8889,44.71,93,90,19.46,light rain
695,Tres Passos,BR,-27.4556,-53.9319,66.24,90,100,7.09,overcast clouds
696,Porto Novo,BJ,6.4965,2.6036,89.42,56,70,11.01,broken clouds
697,Bay Roberts,CA,47.5999,-53.2648,49.66,66,100,8.99,overcast clouds
698,Tazovskiy,RU,67.4667,78.7,31.48,75,99,13.58,overcast clouds
699,Arsk,RU,56.0915,49.8778,76.78,46,2,7.81,clear sky
700,Tarko-Sale,RU,64.9225,77.785,37.99,62,100,19.22,overcast clouds
701,Balasheyka,RU,53.2841,48.0851,74.84,45,70,5.7,broken clouds
702,Krasnyye Tkachi,RU,57.4926,39.7563,71.42,67,100,9.73,overcast clouds
703,Chalmette,US,29.9427,-89.9634,80.01,75,20,1.99,few clouds
704,Rameswaram,IN,9.2833,79.3,84.34,77,60,19.82,broken clouds
705,Kolondieba,ML,11.0882,-6.8926,99.23,30,19,6.76,few clouds
